CCID,UPOF_LONG_NME,P_GIVEN_NAME_ONE,P_LAST_NAME,SOCIAL_SECURITY,P_PHYSICAL_ADDR_LINE_ONE,P_PHYSICAL_CITY_NAME,P_PHYSICAL_PROVINCE_STATE_NAME,P_PHYSICAL_POSTAL_CODE,P_RACE_NAME,P_GEND
9.00001E+15,REGULAR CHECKING,JEAN,HAMILTON,178-28-3635,813 W WHITTIER BLVD,MONTEBELLO,CA,90640,American Indian,Other
9.00001E+15,Citibank(R) Savings Plus Account,CHARLES,NEGRETE,435-41-1162,4166 ALMOND ST,RIVERSIDE,CA,92501,White,Female
9.00001E+15,Citibank(R) Savings Plus Account,KYRA,DRAKE,319-77-3993,147 MILLER RD,PRESTON,CT,63658,Asian,Female
9.00001E+15,REGULAR CHECKING,WILLIAM,JONES,757-94-0576,2044 CROPSEY AVE,BROOKLYN,NY,11214,Native Hawaiian,Male
9.00001E+15,CitiGold Interest Checking,LORNA,CAMPOS,356-82-4395,2S653 PIERRE CURIE LN,WARRENVILLE,IL,60555,White,Male
9.00001E+15,Citibank(R) Savings Plus Account,JANELLE,PELAEZ,382-05-6471,30 OCEAN PKWY,BROOKLYN,NY,11218,Black or African American,Female
9.00001E+15,Citibank(R) Savings Plus Account,TODD,KATZ,656-69-3668,7623 SOUTHAMPTON TER,TAMARAC,FL,33321,White,Male
9.00001E+15,Citibank(R) Savings Plus Account,ANNETTA,EBERLE,997-82-1105,557 MYRTLE CT,AGOURA HILLS,CA,91377,American Indian,Female
9.00001E+15,CITICARD DTD SAVINGS,FRANCILLA,RASBERRY,262-41-8320,13505 ANKERTON ST,WHITTIER,CA,90601,Native Hawaiian,Male
9.00001E+15,MASTER CARD,WILBER,NABIE,936-52-0977,21 EDGEWOOD CT,DECATUR,IL,62522,Asian,Other
9.00001E+15,5 YEAR CD,JANE,RIOS,383-98-8102,5312 S DORCHESTER AVE,CHICAGO,IL,60615,White,Female
9.00001E+15,SECOND MORTGAGE - CUSTOM,KIROS Z,DRUMMER,521-46-5789,2694 E GARVEY AVE.,WEST COVINA,CA,91706,American Indian,Male
9.00001E+15,REGULAR CHECKING,CHERYL,GUSTINELLA,877-04-0711,18840 VENTURA BLVD,TARZANA,CA,91356,Black or African American,Male
9.00001E+15,CHECKING PLUS VARIABLE RATE,DENSYS,LOREMAN,309-12-1958,20 SATINLEAF CT,SAN RAMON,CA,94582,American Indian,Female
9.00001E+15,CITICARD DTD SAVINGS,JOSEPH,CHAVARRIA,330-51-6198,8133 S CHAMPLAIN AVE,CHICAGO,IL,60619,Black or African American,Other
9.00001E+15,3 YEAR CD,JANICE,ZODA,861-18-6554,2020 F STREET,WASHINGTON D.C.,DC,20006,White,Female
9.00001E+15,Citibank(R) Savings Plus Account,KATHERINE,YOUNG,821-11-7378,444 WASHINGTON BLVD,JERSEY CITY,NJ,73101,Asian,Female
9.00001E+15,Citibank(R) Money Market Plus,JULIETA,LEDESMA,976-01-9075,734 BOUNTY DR,FOSTER CITY,CA,94404,Native Hawaiian,Female
9.00001E+15,CHECKING PLUS VARIABLE RATE,ROBIN,POLI,082-82-7568,142 WINTERSTEIN DR,FOLSOM,CA,95630,Native Hawaiian,Other
9.00001E+15,Citibank(R) Savings Plus Account,LAREA,MUFFLEY,527-03-2183,5756 WILSON AVE,SOUTH GATE,CA,90280,Black or African American,Male
9.00001E+15,REGULAR CHECKING,DILSHAD,MENDEZ,740-87-6969,127 E LAKE ST,BLOOMINGDALE,IL,60108,American Indian,Female
9.00001E+15,Citi Savings Account,DOMINIQUE,MOLINA BASAVE,747-03-9375,16403 NORTHERN BLVD,FLUSHING,NY,11358,Black or African American,Other
9.00001E+15,HIGH INTEREST CHECKING,JEFF,BRANSON,331-25-5950,4045 E 3RD ST,LONG BEACH,CA,90814,White,Other
9.00001E+15,CitiBusiness Streamlined Checking,JOAN,KEOUGH,525-25-4971,1621 ARVILLE DRIVE,SACRAMENTO,CA,95822,Black or African American,Male
9.00001E+15,CitiBusiness Streamlined Checking,ZULEIKA,ZOOK,376-30-2253,7050 TRISTAN CIR,STOCKTON,CA,95210,Asian,Male
9.00001E+15,Ultimate Savings Account,WOODY,MANSOUR,584-41-0042,9320 S SACRAMENTO AVE,EVERGREEN PARK,IL,60805,Native Hawaiian,Male
9.00001E+15,MASTER CARD,WILLIAM,SALLIS,935-25-0447,6129 KITAMAYA ST,NORTH LAS VEGAS,NV,89031,White,Male
9.00001E+15,NOW II CHECKING,LACEY,SALAMI,192-82-3182,306 WEST 93 STREET,NEW YORK,NY,10025,Black or African American,Other
9.00001E+15,REGULAR CHECKING,DONALD,ZELADA,769-59-1803,1880 S RIMPAU BLVD,LOS ANGELES,CA,90019,White,Male
9.00001E+15,CitiBusiness Streamlined Checking,CHARLES,HEBESTREIT,144-57-8790,2405 BYRON ST,BERKELEY,CA,94702,Asian,Other
9.00001E+15,CitiGold Interest Checking,THEODORE,GRIFFIN,991-08-0676,11381 LINARD ST,S EL MONTE,CA,91733,Black or African American,Other
9.00001E+15,Citibank(R) Savings Plus Account,BRUNO,DIMOND,837-91-3575,1019 IRON MOUNTAIN CIR,SOUTH LAKE TAHOE,CA,96150,Asian,Other
9.00001E+15,Ultimate Savings Account,JOANNAMAE,MULKIN,619-42-8065,2757 SW 10TH ST,MIAMI,FL,33135,Black or African American,Other
9.00001E+15,Citibank(R) Savings Plus Account,ROLAND,STUCKER,697-64-5469,2291 BICENTENNIAL AVE,CREST HILL,IL,60403,Asian,Female
9.00001E+15,Access Account,DEBRA,COLLERA,405-31-5695,81 IRVING PL,NEW YORK,NY,10003,Native Hawaiian,Female
9.00001E+15,Ultimate Savings Account,TRENT,DAVIS,922-11-6611,10 TULIP TREE CT,ESSEX,MD,21221,Asian,Male
9.00001E+15,CHECKING PLUS VARIABLE RATE,JOHN,GARDNER,171-89-0606,4281 ROUTE 44,MILLBROOK,NY,12545,American Indian,Other
9.00001E+15,CitiGold Interest Checking,LINDA,WOLKEN,851-26-8407,9868 TALLYRAND DR,LAKE WORTH,FL,33467,White,Female
9.00001E+15,Business Flex Checking,AMY,LOWE,681-15-8821,828 RYAN CT,CONCORD,CA,94518,Black or African American,Other
9.00001E+15,Citi Platinum American Express,KAREN,GUTWEILER,947-45-7164,1615 SW 4TH CT,FORT LAUDERDALE,FL,33312,Native Hawaiian,Male
9.00001E+15,CITICARD DTD SAVINGS,KAREN,TEJEDA,311-93-0152,3703 81ST ST,JACKSON HEIGHTS,NY,11372,Black or African American,Female
9.00001E+15,Brokerage IRA,AMY,REID,946-10-3072,1216 E SERVICE AVE,WEST COVINA,CA,91790,Native Hawaiian,Female
9.00001E+15,CitiGold Interest Checking,JANET,BAHMAD,979-14-4637,148 ESCANYO DR,S SAN FRAN,CA,94080,White,Male
9.00001E+15,CitiBusiness Streamlined Checking,EDWIN,VOLKL,236-22-5249,1103 NOLDEN ST,LOS ANGELES,CA,90042,White,Female
9.00001E+15,CitiGold Interest Checking,AUBREY,BAISLEY,896-54-2211,4220 W EL SEGUNDO BLVD,HAWTHORNE,CA,90250,Native Hawaiian,Female
9.00001E+15,CitiBusiness Streamlined Checking,SUSAN,PENLY,364-45-0163,7917 ALVERSTONE AVE,LOS ANGELES,CA,90045,Black or African American,Female
9.00001E+15,CHECKING PLUS VARIABLE RATE,ALEJANDRA,TUCKER,163-87-7157,442 INVERRARY LN,DEERFIELD,IL,60015,American Indian,Male
9.00001E+15,Ultimate Savings Account,ADAM,KIRBY,699-19-5085,6434 PASEO SANTA MARIA,PLEASANTON,CA,94566,Asian,Male
9.00001E+15,HIGH INTEREST CHECKING,LISA,HODGES,781-77-6426,2456 LARKSPUR LN,SACRAMENTO,CA,95825,Native Hawaiian,Other
9.00001E+15,CHECKING PLUS VARIABLE RATE,ANTOINETTE,BROWN,069-86-3938,190 TYRCONNELL AVE,MASSAPEQUA PARK,NY,11762,Native Hawaiian,Male
9.00001E+15,HIGH INTEREST CHECKING,DENNIS,GREVIOUS,510-86-6588,1838 CRESTWOOD ST,RCH PALOS VRD,CA,90275,American Indian,Other
9.00001E+15,BROKERAGE,ADRIANA,JABAGCHOURIAN,772-43-9397,106 VOLADOR PL,SAN PEDRO,CA,90732,White,Female
9.00001E+15,HIGH INTEREST CHECKING,JIM,BORDIERE,864-95-6430,6063 CROSSVIEW CIR,SAN JOSE,CA,95120,American Indian,Other
9.00001E+15,Ultimate Savings Account,JOHNATHAN,BARBOSA,801-09-3826,240-17 141ST AVE,ROSEDALE,NY,11422,White,Male
9.00001E+15,CitiBusiness Streamlined Checking,EMMANUEL,GAVIN,263-18-3211,6341 SW 63RD TER,SOUTH MIAMI,FL,33143,Black or African American,Male
9.00001E+15,CitiBusiness Streamlined Checking,ANNE,PACELLE,834-50-3849,100 DECATUR CT,HERCULES,CA,94547,Black or African American,Other
9.00001E+15,CitiGold Interest Checking,LAUREN,JOHNSON,996-45-4325,1697 NELSON AVE,BRONX,NY,10453,Black or African American,Other
9.00001E+15,VISA CARD,MALLI,SCHULTZ,490-18-9681,6320 STONERIDGE MALL RD,PLEASANTON,CA,94588,Native Hawaiian,Female
9.00001E+15,REGULAR CHECKING,EMMADELLE,SEJNOWSKI,609-93-8089,605 N LOUISE ST,GLENDALE,CA,91206,Native Hawaiian,Other
9.00001E+15,REGULAR CHECKING,CARLA,SZETO,057-25-5743,2602 KINGSMILL AVE,MELBOURNE,FL,32934,American Indian,Male
9.00001E+15,Citibank(R) Money Market Plus,TERRY,MORRISON,595-87-1448,410 N EMPEROR,FRESNO,CA,93727,Asian,Other
9.00001E+15,CitiBusiness Streamlined Checking,MAGALY,MUENZER,662-14-4063,4343 N CLARENDON AVE,CHICAGO,IL,60613,Black or African American,Female
9.00001E+15,Ultimate Savings Account,ANNA,BOEKERWILSON,860-68-3729,311 BAHIA VISTA DR,INDIAN ROCKS BEACH,FL,33785,Asian,Female
9.00001E+15,18 MONTH CD,ALEXANDER,BALL,055-00-2394,1725 WASHINGTON ST,SAN FRANCISCO,CA,94109,Native Hawaiian,Female
9.00001E+15,Citibank(R) Savings Plus Account,FRANK,ALTMAN,979-09-4276,1745 COLONY WAY,GILROY,CA,95020,Native Hawaiian,Other
9.00001E+15,2 YEAR CD,JUDY,PRESTON,090-42-2309,99 ST. GEORGE RD,STATEN ISLAND,NY,10306,Asian,Male
9.00001E+15,CitiBusiness Streamlined Checking,ROBERT,ROMERO,601-18-0771,1175 LAKE BLVD,DAVIS,CA,95616,Asian,Male
9.00001E+15,Ultimate Savings Account,JEAN,LANGNER,294-34-5613,900 W BELDEN AVE,CHICAGO,IL,60614,Black or African American,Female
9.00001E+15,EQUITY SOURCE-RESIDENTIAL,ERLISE,SYREGGELAS,610-03-9934,5807 LAUREL CANYON BLVD,VALLEY VILLAGE,CA,91607,Asian,Female
9.00001E+15,EQUITY SOURCE-RESIDENTIAL,KURT,BUSTILLOS,988-14-0034,20 BAYARD STREET,BROOKLYN,NY,11211,White,Female
9.00001E+15,2 YEAR CD,JOHN,ROLLUQUI,079-17-6384,7690 ADDISON WAY,SACRAMENTO,CA,95822,Native Hawaiian,Male
9.00001E+15,Citibank(R) Savings Plus Account,ELIZABETH,RICE,772-35-7302,1955 NEREID AVENUE,BRONX,NY,10466,White,Other
9.00001E+15,CHECKING PLUS VARIABLE RATE,JOHANA,HOOTON,698-79-7716,10 MONROE BLVD APT.3M,LONG BEACH,NY,11561,American Indian,Female
9.00001E+15,Citibank(R) Money Market Plus,JONI,GARARD,735-75-3038,1510 UNIONPORT RD,BRONX,NY,10462,White,Female
9.00001E+15,Citibank(R) Savings Plus Account,THELISH,SWANK,406-31-1321,2991 TIMPANA PT,LONGWOOD,FL,32779,American Indian,Male
9.00001E+15,Brokerage IRA,WESLEY,HARRELSON,596-50-5023,615 W 39TH AVE,SAN MATEO,CA,94403,Asian,Female
9.00001E+15,Ultimate Savings Account,JIM,HELM,562-93-3362,7 DE CLARK PL,NANUET,NY,10954,Native Hawaiian,Female
9.00001E+15,30 MONTH CD,JOHN,BLANCHARD,039-55-7067,449 KING CT,HEMET,CA,92543,Black or African American,Male
9.00001E+15,NOW II CHECKING,CHARLES,HECHT,334-17-0360,1789 EAST 93RD STREET,BROOKLYN,NY,11236,American Indian,Male
9.00001E+15,CHECKING PLUS VARIABLE RATE,JANIS,WELLS,988-47-8873,142 WINTERSTEIN DR,FOLSOM,CA,95630,Native Hawaiian,Female
9.00001E+15,INTEREST CHECKING,STEVEN,ZEZELJ,979-41-6125,20981 SHADY VISTA LN,BOCA RATON,FL,33428,White,Other
9.00001E+15,CitiGold Interest Checking,M,MCGOWAN,265-41-8317,4050 BUFFALO RD,AUBURN,CA,95602,White,Other
9.00001E+15,CHECKING PLUS VARIABLE RATE,M,MCGOWAN,528-59-8766,4050 BUFFALO RD,AUBURN,CA,95602,American Indian,Female
9.00001E+15,CitiGold Interest Checking,JUDITH,LOUTHAN,619-58-4586,1 ELENA CT,VOORHEES,NJ,80434,American Indian,Male
9.00001E+15,CHECKING PLUS VARIABLE RATE,DEBORAH,ICENHOWER,365-26-4801,3311 MENLO DR,BALTIMORE,MD,21215,White,Male
9.00001E+15,NOW II CHECKING,SCOTT,SCARDAPANE,716-25-4483,811 WALTON  AVE,BRONX,NY,10451,Black or African American,Female
9.00001E+15,CHECKING PLUS VARIABLE RATE,SCOTT,SCARDAPANE,781-79-7103,811 WALTON  AVE,BRONX,NY,10451,Asian,Male
9.00001E+15,CitiBusiness Streamlined Checking,RONALD,PRESSON,522-76-3784,2901 AVE I,BROOKLYN,NY,11210,American Indian,Other
9.00001E+15,CITICARD DTD SAVINGS,ARLENE,FOSSI,441-54-4682,8801 N WISNER ST,NILES,IL,60714,White,Female
9.00001E+15,CHECKING PLUS VARIABLE RATE,KRYSTLE,CHAVA,827-40-3715,54105 AVENIDA MADERO,LA QUINTA,CA,92253,Black or African American,Female
9.00001E+15,CitiGold Interest Checking,YAMAN,OWEN,380-89-0737,105 FREEDOM AVE.,STATEN ISLAND,NY,10314,Black or African American,Male
9.00001E+15,MASTER CARD,RUTH,STEPHENS,867-10-0086,450 HAWTHORNE DR,TRACY,CA,95376,White,Other
9.00001E+15,HIGH INTEREST CHECKING,KENISHA,OLSON,041-94-8298,5709 W GOODMAN ST,CHICAGO,IL,60630,White,Female
9.00001E+15,CHECKING PLUS,KENISHA,OLSON,089-98-0262,5709 W GOODMAN ST,CHICAGO,IL,60630,Black or African American,Male
9.00001E+15,6 MONTH CD,CHARDELLE,SAWYERPOCH,709-83-8636,405 DAVIS CT,SAN FRANCISCO,CA,94111,American Indian,Female
9.00001E+15,SEC MORTGAGE-NON-PURCHASE,JARKKO,FRANCIMORE,947-48-4365,4024 NW 5TH DR,DEERFIELD BEACH,FL,33442,American Indian,Female
9.00001E+15,Citibank(R) Savings Plus Account,LORI,CELLITTI,057-88-5159,27383 PASEO SIENNA,SAN JUAN CAPISTRANO,CA,92675,Asian,Male
9.00001E+15,CHECKING PLUS VARIABLE RATE,EVANS,CHARPENTIER,413-91-4861,7 ALLISON DR,OLD BETHPAGE,NY,11804,Native Hawaiian,Other
9.00001E+15,HIGH INTEREST CHECKING,KASI,MALESKI,811-87-7005,575 AVENIDA MAJORCA,LAGUNA WOODS,CA,92637,White,Other
9.00001E+15,REGULAR CHECKING,THOMAS,BELL,445-08-4195,4 HORSESHOE BAY CT,PETALUMA,CA,94954,White,Other
9.00001E+15,REGULAR CHECKING,ELSIE,KAMINSKI,460-59-8842,86 CAMBRIDGE PL,BROOKLYN,NY,11238,Native Hawaiian,Other
9.00001E+15,CHECKING PLUS VARIABLE RATE,TI,PARTYKA,936-11-0621,507 HENRY BLVD,HOLBROOK,NY,11741,Native Hawaiian,Male
9.00001E+15,CHECKING PLUS VARIABLE RATE,SIMINEOKHT,ZUVICH,606-73-1286,20410 SW 118TH PL,MIAMI,FL,33177,American Indian,Female
9.00001E+15,EQUITY SOURCE-RESIDENTIAL,EMMA,MILLS,149-44-9755,1579 SCOTTY ST,SAN JOSE,CA,95122,Black or African American,Other
9.00001E+15,REGULAR CHECKING,LACY,SPECTOR,631-41-1669,7240 SANTA BARBARA ST,CARLSBAD,CA,92011,Native Hawaiian,Other
9.00001E+15,CitiGold Interest Checking,ANNETTE,ABEL,341-96-6534,17609 S WESTERN AVE,GARDENA,CA,90248,Asian,Male
9.00001E+15,Brokerage IRA,ALEXANDER,CATHCART,440-30-2141,1440 HANNAH DR,MERRITT ISLAND,FL,32952,White,Male
9.00001E+15,MASTER CARD,DOREEN,COLE,469-22-4849,101 W END AVE,NEW YORK,NY,10023,Asian,Other
9.00001E+15,CitiGold Interest Checking,TERESA,JAKOBSEN,044-84-3770,718 DE LA FUENTE ST,MONTEREY PARK,CA,91754,American Indian,Male
9.00001E+15,Citibank(R) Money Market Plus,ZARAH,REVELL,061-60-0595,"3716 JENIFER ST., NW",WASHINGTON,DC,20015,Black or African American,Other
9.00001E+15,EQUITY SOURCE-RESIDENTIAL,VIRGELIO,STRICKLAND,459-97-6239,7375 GREENBUSH AVE,NORTH HOLLYWOOD,CA,91605,Native Hawaiian,Female
9.00001E+15,CITICARD DTD SAVINGS,WILLIE,CULL,885-15-1716,1221 ARDATH DR,CAMBRIA,CA,93428,Black or African American,Male
9.00001E+15,Citibank(R) Savings Plus Account,ALFRED,REVELS,009-26-1878,7006 CHIMINEAS AVE,RESEDA,CA,91335,Black or African American,Other
9.00001E+15,EQUITY SOURCE-RESIDENTIAL,CAROLYN,LILLEHEI,879-37-4058,1419 PITKIN AVE,BROOKLYN,NY,11233,American Indian,Male
9.00001E+15,CHECKING PLUS VARIABLE RATE,JESSICA,OHLSON,400-92-1211,3572 PALMER AVENUE,BRONX,NY,10466,Asian,Male
9.00001E+15,Citi Savings Account,DERIK,FLANAGAN,469-38-3684,35 HILARY DR,BAYVILLE,NY,11709,Native Hawaiian,Other
9.00001E+15,REGULAR CHECKING,TOM,IVAN,087-20-7890,640 OCEAN AVE,MASSAPEQUEA,NY,11758,Asian,Other
9.00001E+15,CitiBusiness Streamlined Checking,DONNA,TUCKER,208-24-8587,220 CONGRESS ST,BROOKLYN,NY,11201,Black or African American,Male
9.00001E+15,Citibank(R) Savings Plus Account,KATHARINE,FERRARA,962-78-4317,114-52 180 STREET,JAMAICA,NY,11434,Asian,Male
9.00001E+15,CitiGold Interest Checking,DAWN,SPIEGEL,153-37-4849,1633 NEW BRUNSWICK AVE,SUNNYVALE,CA,94087,American Indian,Other
9.00001E+15,MASTER CARD,LINDA,SANTOS,428-54-9674,1543 AYERS RD,CONCORD,CA,94521,Black or African American,Other
9.00001E+15,8 Month CD,ROBERT,WIRTH,824-56-4271,2125 2ND AVE,MERRICK,NY,11566,American Indian,Female
9.00001E+15,REGULAR CHECKING,WENDY,ALIPRANTIS,748-07-9410,2323 W 35TH ST,CHICAGO,IL,60609,White,Female
9.00001E+15,Rollover IRA,BRIAN,KLOCHKOV,066-53-5050,3510 W BEACH AVE,CHICAGO,IL,60651,Native Hawaiian,Other
9.00001E+15,CHECKING PLUS VARIABLE RATE,WEBSTER,RANNELLS,456-94-6795,155 SAN MARINO,IRVINE,CA,92614,White,Other
9.00001E+15,HIGH INTEREST CHECKING,BARBARA,OBODAI,623-58-5849,1712 HARBOR AVE,CALUMET CITY,IL,60409,American Indian,Other
9.00001E+15,CHECKING PLUS,JEAN,HAMILTON,488-61-4708,813 W WHITTIER BLVD,MONTEBELLO,CA,90640,Asian,Male
9.00001E+15,CitiBusiness Streamlined Checking,CELINA,CHENG,123-41-7072,20908 SW 81ST PL,CUTLER BAY,FL,33189,White,Female
9.00001E+15,REGULAR CHECKING,CAROLYN,MONTGOMER,984-67-9954,341 S. ALVARADO STREET,LOS ANGELES,CA,90057,Native Hawaiian,Other
9.00001E+15,CitiBusiness Streamlined Checking,LINDA S,MOLGANO,659-58-4608,213 W SOUTH ST,FREDERICK,MD,21701,Black or African American,Male
9.00001E+15,HIGH INTEREST CHECKING,ELLA,PERRY,159-84-9777,1031 LINDEN AVE,GLENDALE,CA,91201,Native Hawaiian,Other
9.00001E+15,Citibank(R) Savings Plus Account,MAHJUBA,KIDD,469-68-1305,164-49 109TH AVE,JAMAICA,NY,11433,White,Other
9.00001E+15,VISA CARD,JEROME,LABUS,597-16-8274,7 WEST 83RSD ST,NEW YORK,NY,10024,Native Hawaiian,Other
9.00001E+15,CHECKING PLUS VARIABLE RATE,DERICK,NICKEL,125-91-1894,6734 EL CAJON DR,RIVERSIDE,CA,92504,Black or African American,Female
9.00001E+15,REGULAR CHECKING,STEPHEN,ZUNO,115-20-6632,164 PARKDALE AVE,EAST AURORA,NY,14052,Asian,Male
9.00001E+15,Citibank(R) Savings Plus Account,JIMMIE,MORELAND,810-82-5487,201 W 93RD ST,NEW YORK,NY,10025,Black or African American,Male
9.00001E+15,REGULAR CHECKING,WAYNE,WILBURN,460-89-5926,14204 HOLLY AVE,FLUSHING,NY,11355,Native Hawaiian,Other
9.00001E+15,CHECKING PLUS VARIABLE RATE,LESLIE,WOLFF,961-85-0394,41 BEVERWYCK LN,SLINGERLANDS,NY,12159,American Indian,Male
9.00001E+15,HIGH INTEREST CHECKING,ROBIN,POLI,285-99-4666,142 WINTERSTEIN DR,FOLSOM,CA,95630,Asian,Other
9.00001E+15,CitiBusiness Streamlined Checking,JEANNE,HAIGH,038-93-4232,16406 CANBERRA CT,HACIENDA HEIGHTS,CA,91745,White,Male
9.00001E+15,Business Flex Checking,LOIS,FRUEH,497-72-4092,15615 KEELERS MILL RD,DEWITT,VA,23840,Black or African American,Other
9.00001E+15,Access Account,ANNIE,CRUGER,007-18-6212,245 W ISLIP RD,WEST ISLIP,NY,11795,Native Hawaiian,Other
9.00001E+15,CITICARD DTD SAVINGS,TONI,ARMSTRONG,545-72-7001,63 HOWARD PKWY,NEW ROCHELLE,NY,10801,White,Male
9.00001E+15,CHECKING PLUS VARIABLE RATE,JOHN,KETTRING,645-09-2179,1 BAKER RD,MASTIC BEACH,NY,11951,Black or African American,Other
9.00001E+15,CITICARD DTD SAVINGS,CAROLYN,GAKOU,785-39-6330,7029 LIAM LN,MCHENRY,IL,60050,Black or African American,Male
9.00001E+15,Citibank(R) Savings Plus Account,DIANNE,RILEY,860-53-4586,611 E GARFIELD ST,BELLEVILLE,IL,62220,Native Hawaiian,Female
9.00001E+15,CitiGold Interest Checking,KYONG,ENGELBERT,656-66-9105,1829 NATURE COVE LN,CLERMONT,FL,34711,White,Other
9.00001E+15,VISA CARD,AMIE,VAN HAMBURG,408-20-0076,5716 COMANCHE AVE,WOODLAND HILLS,CA,91367,Black or African American,Male
9.00001E+15,ESA FIXED RATE SECOND MORTGAGE,CAI,DECENAURSINI,988-72-3505,1375 DRIFTWOOD CIR,FAIRFIELD,CA,94534,Black or African American,Female
9.00001E+15,CHECKING PLUS,ELSY,QUINN,575-47-2521,533 W BARRY AVE,CHICAGO,IL,60657,Native Hawaiian,Female
9.00001E+15,CITICARD DTD SAVINGS,WILLIAM,ASQUITH,933-60-4657,8655 BAY PARKWAY,BROOKLYN,NY,11214,Native Hawaiian,Male
9.00001E+15,MASTER CARD,SHARON,MAHN,251-12-3107,5305 W FLAGSTONE DR,PEORIA,IL,61615,Black or African American,Male
9.00001E+15,Citibank(R) Savings Plus Account,DAWN,CAMPBELL,542-30-3605,333 86TH ST,BROOKLYN,NY,11209,Black or African American,Male
9.00001E+15,Access Account,CELIA,HASSLER,535-92-9028,2585 GRAND CONCOURSE,BRONX,NY,10468,American Indian,Other
9.00001E+15,REGULAR CHECKING,S,KANAREK,608-23-5925,1137 LA SALLE AVE,NIAGARA FALLS,NY,14301,American Indian,Male
9.00001E+15,Citi Savings Account,JOHN,CAVALLO,157-64-9781,3 FAIRWAY DR,GOSHEN,NY,10924,American Indian,Male
9.00001E+15,REGULAR CHECKING,CARMEN,BADION,261-31-6104,7906 TURKEY CREEK RD,PLANT CITY,FL,33567,Asian,Female
9.00001E+15,13 MONTH CD,MARCUS,BENAVIDES,201-09-0401,1081 W ARROW HWY,AZUSA,CA,91702,Black or African American,Male
9.00001E+15,REGULAR CHECKING,TANYA,STEPP,797-80-8669,1180 NORTHERN BLVD,MANHASSET,NY,11030,White,Female
9.00001E+15,EQUITY SOURCE-RESIDENTIAL,AMANDA,ALBERTI,595-76-7331,3916 BELLA PALERMO WAY,LAS VEGAS,NV,89141,Native Hawaiian,Male
9.00001E+15,REGULAR CHECKING,ANNE,SHELL,981-31-1083,458-11 FRONTAGE RD,PALM DESERT,CA,92260,Black or African American,Other
9.00001E+15,CHECKING PLUS,JONATHAN,STAPLEFORD,952-77-0963,39 STRATFORD ROAD,SCARSDALE,NY,10583,American Indian,Female
9.00001E+15,INSURED MONEY MARKET ACCT,JOHN,WINTER,322-69-6826,3749 MONON ST,LOS ANGELES,CA,90027,White,Male
9.00001E+15,HIGH INTEREST CHECKING,BRIAN,ROTNER,461-26-0726,9765 PIONEER AVE.,LAS VEGAS,NV,89117,Black or African American,Male
9.00001E+15,REGULAR CHECKING,BRADLEY,GARDNERAGYEMAN,166-08-8737,303 DEL FLORA ST,OCEANSIDE,CA,92058,White,Female
9.00001E+15,Citi Savings Account,FLOYD,FRITZ,156-65-8342,705 KNOB HILL DR,BLACKSBURG,VA,24060,Native Hawaiian,Female
9.00001E+15,NOW II CHECKING,WILLIAM,CABALLERO,864-61-6483,15 LAWNWOOD AVE,SCHENECTADY,NY,12304,Black or African American,Other
9.00001E+15,Citibank(R) Savings Plus Account,SHERRY,YOUNG,367-55-0953,22 W 25TH ST,MERCED,CA,95340,White,Other
9.00001E+15,CitiGold Interest Checking,JUAN,PURDY,730-42-2842,4705 AMBERFIELD DR,UPPER MARLBORO,MD,20772,American Indian,Other
9.00001E+15,REGULAR CHECKING,EARL,KOVACS,977-32-7223,220-70 64TH AVENUE,BAYSIDE,NY,11364,American Indian,Female
9.00001E+15,Citibank(R) Savings Plus Account,SUNGJIN,BALBUENA,590-49-6186,3465 MANGUM ST,BALDWIN PARK,CA,91706,Black or African American,Other
9.00001E+15,VISA CARD,UVALDO,HABTE,399-35-1851,3711 W 230TH ST,TORRANCE,CA,90505,Asian,Male
9.00001E+15,5 YEAR CD,BRETT,KARIMI,341-87-2657,340 NEWPORT DR,CHICO,CA,95973,Native Hawaiian,Other
9.00001E+15,VISA CARD,BRUCE,NELSON,098-87-8521,2131 21ST AVE,ASTORIA,NY,11105,Asian,Other
9.00001E+15,Citibank(R) Savings Plus Account,MARGERY,MANCINI,536-00-7398,2900 MAPLE AVE,DOWNERS GROVE,IL,60515,Native Hawaiian,Female
9.00001E+15,1 YEAR CD-B&P,DENISE,CHMIEL,557-39-7131,44 PEARCE PL,MAHOPAC,NY,10541,Black or African American,Male
9.00001E+15,CitiBusiness Streamlined Checking,JANET,ERENWERT,523-61-0924,4423 SUNSET CAY CIR,BOYNTON BEACH,FL,33436,Black or African American,Female
9.00001E+15,18 MONTH CD,WALTER,VASCO,650-41-2746,3 PAULINE CT,SPRING VALLEY,NY,10977,White,Other
9.00001E+15,NOW II CHECKING,JOHANA,HOOTON,132-64-4577,10 MONROE BLVD APT.3M,LONG BEACH,NY,11561,American Indian,Female
9.00001E+15,9 MONTH CD,KELSIE,PEREGOY,350-29-9939,47A HIGH ST,MANTUA,NJ,80511,Native Hawaiian,Male
9.00001E+15,1 YEAR CD,TRACI,ALTMAN,958-51-8345,525 E 81ST ST,NEW YORK,NY,10028,Asian,Female
9.00001E+15,EQUITY SOURCE-RESIDENTIAL,KATSUYUKI,VANDERWALT,234-75-9778,21212 MARBELLA AVE,CARSON,CA,90745,Asian,Male
9.00001E+15,CitiGold Interest Checking,ELIZABETH,LOPESWORTMAN,142-84-9111,406 UNION AVE,CAMPBELL,CA,95008,Asian,Other
9.00001E+15,CHECKING PLUS VARIABLE RATE,JASON,HENDLEY,132-61-6764,3420 DAFFODIL CRES,VIRGINIA BEACH,VA,23453,Black or African American,Female
9.00001E+15,Citi Savings Account,CARLA,MASTERS,307-32-0751,2845 GATE TWO PL,CHULA VISTA,CA,91914,Asian,Other
9.00001E+15,CHECKING PLUS VARIABLE RATE,BARBARA,TRAPANI,895-32-7080,11406 KAMLOOP ST,SYLMAR,CA,91342,Asian,Female
9.00001E+15,REGULAR CHECKING,WILLIAM,MOSS,291-53-2090,67 ORCHARD PL,LACKAWANNA,NY,14218,Black or African American,Male
9.00001E+15,REGULAR CHECKING,LUZ,BLAIR,508-15-9425,10019 MEADOW GLEN WAY E,ESCONDIDO,CA,92026,White,Other
9.00001E+15,CitiGold Interest Checking,SANDRA,CLELAND,730-49-1599,287 OGLESBY AVE,CALUMET CITY,IL,60409,Native Hawaiian,Female
9.00001E+15,Citibank(R) Savings Plus Account,ALEXANDER,TABLAS,954-02-7976,2530 GREENWOOD DR,KISSIMMEE,FL,34744,Native Hawaiian,Male
9.00001E+15,MASTER CARD,CHELSI,SHOLTIS,573-94-3720,901 MOHAWK ST,BAKERSFIELD,CA,93309,Black or African American,Other
9.00001E+15,SEC MORTGAGE-NON-PURCHASE,ARIE,COX,413-56-7477,1201 15TH ST NW,WASHINGTON,DC,20005,Asian,Male
9.00001E+15,Access Account,BRENDA,KORNACKI,666-18-2341,110 OAK SQ S,LAKELAND,FL,33813,White,Other
9.00001E+15,CHECKING PLUS VARIABLE RATE,CHARLES,VANHOOF,130-39-0581,4 WHITE ST.,NEW YORK,NY,10013,Black or African American,Male
9.00001E+15,Business Flex Checking,KORREY,RIDLEY MR,008-01-5667,145-20 176TH STREET,JAMAICA,NY,11434,American Indian,Other
9.00001E+15,CitiGold Interest Checking,LUIS,CIPRIANI,957-49-8187,41882 BUTLER LN,HEMET,CA,92544,Asian,Male
9.00001E+15,REGULAR CHECKING,JENNIFER,FRIED,793-47-7662,1721 CARLYLE AVE,SANTA MONICA,CA,90402,American Indian,Other
9.00001E+15,CHECKING PLUS VARIABLE RATE,KRISTIN,POSADA,773-43-1085,18045 WILLOW ST,HESPERIA,CA,92345,White,Other
9.00001E+15,REGULAR CHECKING,DEBORAH,ICENHOWER,100-97-6158,3311 MENLO DR,BALTIMORE,MD,21215,Black or African American,Male
9.00001E+15,INSTALLMENT LOAN,JUDY,DRWIEGA,787-05-7462,1603 CYPRESS AVE,SAN DIEGO,CA,92103,American Indian,Female
9.00001E+15,HIGH INTEREST CHECKING,BRENDA,ALLEN,173-46-7080,551 RIVER GLEN DR,NAPA,CA,94558,White,Male
9.00001E+15,NOW II CHECKING,KENYA,LAT,972-45-4823,880 SARATOGA AVENUE,BROOKLYN,NY,11212,Black or African American,Male
9.00001E+15,REGULAR CHECKING,TRACY,ROE,359-43-6188,29 FLAMINGO DR,MORAVIA,NY,13118,American Indian,Other
9.00001E+15,Citi Savings Account,ELIZABETH,RAMOS,243-89-6216,26139 OAK AVE N,MUNDELEIN,IL,60060,Native Hawaiian,Other
9.00001E+15,CitiGold Interest Checking,KATHRYN,HEADY,534-89-8092,129 NEWBURY LN,NEWBURY PARK,CA,91320,Black or African American,Female
9.00001E+15,Citibank(R) Savings Plus Account,JOYCE,MCALLISTER,631-30-3260,311 LUELLA AVE,CALUMET CITY,IL,60409,White,Female
9.00001E+15,PREFERRED IMRA,CHARLES,SCHULTZ,537-18-4025,18-47 21 RD.,ASTORIA,NY,11105,Black or African American,Other
9.00001E+15,CitiGold Interest Checking,JOCELYN,MARIN,868-92-9716,364 MADISON STREET,NEW YORK,NY,10002,Native Hawaiian,Male
9.00001E+15,REGULAR CHECKING,RYAN,REVAK,727-86-5030,719 KIRKWOOD CT,LOS BANOS,CA,93635,Native Hawaiian,Other
9.00001E+15,Custom Credit Line,JANE,JAMES,814-49-3822,803 TERRACE LN E,DIAMOND BAR,CA,91765,Black or African American,Other
9.00001E+15,HIGH INTEREST CHECKING,WENDY,CLOUTIER,577-55-5565,2669 N LINCOLN AVE,CHICAGO,IL,60614,Asian,Male
9.00001E+15,CHECKING PLUS VARIABLE RATE,JENNIE,SMARR,056-86-8535,304 BALTUSTROL CIR,ROSLYN,NY,11576,Black or African American,Female
9.00001E+15,CHECKING PLUS VARIABLE RATE,WAYLON,RINDEGARD,136-21-1598,6 WELLESLEY PARK,DORCHESTER,MA,21242,American Indian,Female
9.00001E+15,CITICARD DTD SAVINGS,LAYTHAN,KILCOYNE,354-41-9782,334 EAST 108TH STREET,NEW YORK,NY,10029,Asian,Female
9.00001E+15,CitiBusiness Streamlined Checking,LEA,VERA JR,920-05-0411,2511 E 2ND ST,BROOKLYN,NY,11223,American Indian,Female
9.00001E+15,Access Account,JUDITH,COKE,827-70-7484,6 CLEARMEADOW LN,WOODBURY,NY,11797,American Indian,Other
9.00001E+15,CitiBusiness Streamlined Checking,ANDRE,MCGOWAN,876-87-6381,1859 SARAH_DR,PINOLE,CA,94564,Asian,Male
9.00001E+15,CHECKING PLUS VARIABLE RATE,FRANK,YORK,805-46-4559,675 W 187TH ST,NEW YORK,NY,10033,Asian,Female
9.00001E+15,CitiBusiness Streamlined Checking,JANET,STUART,163-07-1603,150 S GLENOAKS BLVD,BURBANK,CA,91502,White,Other
9.00001E+15,NOW II CHECKING,LAKOTA,TESTERMAN,918-05-4708,463 W HIGH ST,PAINTED POST,NY,14870,White,Female
9.00001E+15,Custom Credit Line,ASHLEY,CAREY,851-10-8998,35894 VIVIAN PL,FREMONT,CA,94536,American Indian,Other
9.00001E+15,MASTER CARD,TINA,PROFFITT,003-77-8397,677 BROOKE RD,GLENSIDE,PA,19038,American Indian,Other
9.00001E+15,CitiBusiness Streamlined Checking,ERIK,KONSKY,796-49-6254,98 HIGH ST,DANVERS,MA,19233,White,Female
9.00001E+15,CitiGold Interest Checking,LAURIE,FADUL,657-03-8497,3065 E VERONA,PALM SPRINGS,CA,92262,Black or African American,Other
9.00001E+15,Citibank(R) Savings Plus Account,LISA,PARENTE,618-21-4203,4230 COLFAX AVE,STUDIO CITY,CA,91604,White,Other
9.00001E+15,Citi Savings Account,JOHN,CHANG,623-92-7093,209 OAKLAND AVE.,MILLER PLACE,NY,11764,Native Hawaiian,Male
9.00001E+15,EQUITY SOURCE-RESIDENTIAL,SUSAN,RAI,132-00-3788,638 N ELMWOOD AVE,OAK PARK,IL,60302,Native Hawaiian,Female
9.00001E+15,Custom Credit Line,ELIZABETH,ROBLEZ,885-18-7914,1755 WINTERFIELD DR,AURORA,IL,60504,Asian,Male
9.00001E+15,CITICARD DTD SAVINGS,ALPHONSE,DUNLEAVY,523-26-6923,3810 MARINER AVE,PORTSMOUTH,VA,23703,White,Male
9.00001E+15,IRA,LESLEY,SMITH,075-49-9205,1629 KLAMATH RIVER DR,RANCHO CORDOVA,CA,95670,Black or African American,Male
9.00001E+15,CHECKING PLUS VARIABLE RATE,LILLIAN,SWITZER,023-35-8186,4 CHAMPLAINS DR,FARMINGTON,CT,60324,Black or African American,Male
9.00001E+15,MASTER CARD,SAHADEO,AKUSU,488-09-3130,8418 102ND RD,OZONE PARK,NY,11416,Asian,Male
9.00001E+15,REGULAR CHECKING,DON,PROVENCIO,868-10-5960,19421 SW 14 ST,PEMBROKE PINES,FL,33029,White,Other
9.00001E+15,Brokerage Roth IRA,DUANE,COARD,010-08-0945,150 MYRTLE AVE,BROOKLYN,NY,11201,White,Female
9.00001E+15,CITICARD DTD SAVINGS,BRUCE,ATHEY,290-18-6419,2639 MARTHA LN,LAND O LAKES,FL,34639,White,Other
9.00001E+15,MASTER CARD,JULIE,RETTLER,840-29-1669,9135 SW 125TH AVE,MIAMI,FL,33186,American Indian,Male
9.00001E+15,CitiGold Interest Checking,EVE,CHOWDHURY,935-01-6280,1763 RED ROCK CT,WESTLAKE VILLAGE,CA,91362,Asian,Other
9.00001E+15,CHECKING PLUS,JULIA V,CALDERA,797-39-1422,222 8TH AVE,SAN MATEO,CA,94401,White,Male
9.00001E+15,CHECKING PLUS,DIANA,FEEKES,688-66-3659,3901 ARGYLE TER NW,WASHINGTON,DC,20011,White,Male
9.00001E+15,Citi Savings Account,KEITH,BIRD,115-72-6556,195 OAKLEY AVE,ELMONT,NY,11003,Native Hawaiian,Female
9.00001E+15,Ultimate Savings Account,JOHN,SORDELET,037-48-5621,14 HUQUENIN LANE,BLUFFTON,SC,29909,American Indian,Female
9.00001E+15,Citibank(R) Savings Plus Account,JOY,YU,239-07-6164,3535 KINGS COLLEGE PLACE,BRONX,NY,10467,White,Female
9.00001E+15,REGULAR CHECKING,ANABELA,ROMERO NUNEZ,146-31-3559,211 N 28TH ST,RICHMOND,VA,23223,American Indian,Other
9.00001E+15,Citi Savings Account,MANUEL,REYNADO,958-36-1471,1408 BRICKELL BAY DR,MIAMI,FL,33131,White,Female
9.00001E+15,REGULAR CHECKING,SHLOMO,HUDSON,936-06-3169,4137 MONTEREY ST,LOS ANGELES,CA,90065,Black or African American,Female
9.00001E+15,REGULAR CHECKING,JOSE,MISRASI,089-88-7786,5 COLERIDGE RD,HOLBROOK,NY,11741,Native Hawaiian,Female
9.00001E+15,Citibank(R) Money Market Plus,ETHAN,CRANFILL,274-90-1654,635 S 13TH ST,QUINCY,IL,62301,American Indian,Male
9.00001E+15,CitiGold Interest Checking,KELLY,CASTLEBERRY,166-78-3106,544 VIA SORRENTO,MORGAN HILL,CA,95037,White,Female
9.00001E+15,Citi Savings Account,CARL,MARINI,003-48-9045,150 BURNS ST,FOREST HILLS,NY,11375,White,Other
9.00001E+15,Citi Savings Account,LUCIA,STREETER,012-29-1759,2111 HUGHES AVE,BRONX,NY,10457,Black or African American,Other
9.00001E+15,MASTER CARD,JOHN,HERRERA,097-29-6488,7731 GLEN AVE,PASADENA,MD,21122,Black or African American,Female
9.00001E+15,VISA CARD,EILEEN,CAROWAY,635-37-3729,1113 LOS ROBLES BLVD,SACRAMENTO,CA,95838,White,Other
9.00001E+15,Citibank(R) Savings Plus Account,ARAIK A,ROHLING,531-57-3294,727 E. PALMER AVE,GLENDALE,CA,91205,Native Hawaiian,Other
9.00001E+15,Citibank(R) Savings Plus Account,ELMO,FORD,077-79-6048,99 E SHORE DR,BABYLON,NY,11702,Native Hawaiian,Male
9.00001E+15,Citibank(R) Savings Plus Account,FRANCIS,MAGANALUNA,619-47-9603,201 W 93RD ST,NEW YORK,NY,10025,Black or African American,Male
9.00001E+15,Citi Savings Account,LIUBOV,MAGO,300-23-3170,10460 QUEENS BLVD,FOREST HILLS,NY,11375,Asian,Other
9.00001E+15,Citibank(R) Savings Plus Account,ETHEL,WORTHING,113-88-6062,54 LUMUR DR,SAYVILLE,NY,11782,Asian,Male
9.00001E+15,MASTER CARD,ARLENE,DEHNERT,777-27-2747,25409 AVENUE 8,MADERA,CA,93637,Asian,Male
9.00001E+15,10 Month CD,JANET,LEE,953-00-1273,151 CALDERON AVE,MOUNTAIN VIEW,CA,94041,White,Male
9.00001E+15,CitiGold Interest Checking,JUAN,LASHER,803-26-7864,16611 CAROUSEL LN,HUNTINGTN BCH,CA,92649,Asian,Female
9.00001E+15,CHECKING PLUS VARIABLE RATE,TEMITOPE,LABARGE,350-58-7597,1431 LEGEND LN,BRENTWOOD,CA,94513,White,Other
9.00001E+15,CHECKING PLUS VARIABLE RATE,SOPHIE,GOLZER,168-41-8749,324 BEACH RD,STATEN ISLAND,NY,10312,Black or African American,Other
9.00001E+15,REGULAR CHECKING,DESSIE,BEMUS,572-76-6507,1135 N AVENUE 64,LOS ANGELES,CA,90042,Native Hawaiian,Male
9.00001E+15,REGULAR CHECKING,LOUIS,ANTEROINEN,591-82-3510,105 E 5TH AVE,SUN VALLEY,NV,89433,White,Male
9.00001E+15,MASTER CARD,LESLEY,BALDINO,054-93-2878,7 E K ST,SPARKS,NV,89431,Native Hawaiian,Other
9.00001E+15,EQUITY SOURCE-RESIDENTIAL,XIAN,PATTENGALE,682-25-9465,9801 GROSSPOINT RD,SKOKIE,IL,60076,Black or African American,Female
9.00001E+15,REGULAR CHECKING,ASHTYN,RUTHERFORD,043-17-8563,236 EAST 47TH STREET,NEW YORK,NY,10017,Black or African American,Female
9.00001E+15,30 MONTH CD,JANICE,AVILA,268-52-8270,346 S HAMILTON,POMONA,CA,91766,White,Female
9.00001E+15,CitiBusiness Streamlined Checking,JOY,LOPEZ,006-31-3704,3773 TAFT ST,RIVERSIDE,CA,92503,American Indian,Female
9.00001E+15,CHECKING PLUS VARIABLE RATE,LISA,HODGES,791-58-9369,2456 LARKSPUR LN,SACRAMENTO,CA,95825,White,Male
9.00001E+15,REGULAR CHECKING,RICKY,WANG,240-37-9372,9596 MUIRKIRK RD,LAUREL,MD,20708,Black or African American,Other
9.00001E+15,Citi Savings Account,ROSA,EDOUARD,188-79-5278,750 N SHORELINE BLVD,MOUNTAIN VIEW,CA,94043,Asian,Other
9.00001E+15,SEC MORTGAGE-NON-PURCHASE,JANET,DARVILLE,469-45-4990,333 BURCHETT ST,GLENDALE,CA,91203,Black or African American,Female
9.00001E+15,CHECKING PLUS,TERRENCE,SHOOK,921-56-2195,825 ALLENS CREEK RD,ROCHESTER,NY,14618,Black or African American,Female
9.00001E+15,CHECKING PLUS VARIABLE RATE,DOUGLAS,TAM,149-47-3695,7 SWEET FERN LN,SANDWICH,MA,25633,American Indian,Other
9.00001E+15,CHECKING PLUS,JIM,BORDIERE,241-87-7033,6063 CROSSVIEW CIR,SAN JOSE,CA,95120,White,Male
9.00001E+15,HIGH INTEREST CHECKING,LOYE,RATYNSKI,161-91-7488,15375 BARRANCA PKWY,IRVINE,CA,92618,Black or African American,Female
9.00001E+15,Citibank(R) Savings Plus Account,LINDA,JONES,747-75-3813,222 E PEARSON ST,CHICAGO,IL,60611,Native Hawaiian,Female
9.00001E+15,Brokerage IRA,EDICORDE,HARDEN,970-49-0695,6418 BENSON ST,HUNTINGTON PARK,CA,90255,Asian,Male
9.00001E+15,CitiBusiness Streamlined Checking,CAROL,LENINO,488-98-9650,1453 TURNER ST,CLEARWATER,FL,33756,American Indian,Other
9.00001E+15,CitiBusiness Streamlined Checking,JOHN,LENTINI,495-27-5248,182 N PINE ST,MASSAPEQUA,NY,11758,American Indian,Other
9.00001E+15,BROKERAGE,CALAN,FINKLE,433-62-7329,420 E 70TH ST,NEW YORK,NY,10021,Asian,Other
9.00001E+15,CHECKING PLUS VARIABLE RATE,ALEJANDRO,STAPLES,491-09-0237,5160 VIA SEVILLE,OCEANSIDE,CA,92056,Black or African American,Male
9.00001E+15,REGULAR CHECKING,LOUELLA,SCHIEL,809-45-8141,521 CORNELL AVE,ALBANY,CA,94706,Asian,Female
9.00001E+15,MASTER CARD,LEHMAN,BATESOLE,165-26-6110,5240 BEEMAN AVE,VALLEY VILLAGE,CA,91607,Native Hawaiian,Female
9.00001E+15,NOW II CHECKING,CHERKAOUI,WHITEHEAD,656-00-9074,505 HENRY ST,BROOKLYN,NY,11231,Asian,Male
9.00001E+15,MASTER CARD,ROBERT,MAIXNER,795-10-8671,15131 88TH ST,HOWARD BEACH,NY,11414,Asian,Female
9.00001E+15,CHECKING PLUS VARIABLE RATE,LINDA,JONES,845-83-6213,21 JACKSON ST,NEWBURYPORT,MA,19502,American Indian,Female
9.00001E+15,SEC MORTGAGE-NON-PURCHASE,LEONEL,GEIGER,908-93-7515,6343 BARNETT AVE,SYKESVILLE,MD,21784,Black or African American,Other
9.00001E+15,Custom Credit Line,LATARA,UDEZUE,697-48-9662,2889 BAINBRIDGE AVE,BRONX,NY,10458,Native Hawaiian,Male
9.00001E+15,MASTER CARD,SARA,LOPEZ,652-16-7210,18 EAST 198TH ST.,BRONX,NY,10468,Asian,Male
9.00001E+15,CHECKING PLUS VARIABLE RATE,FLOYD,JANSSEN,009-83-7115,5249 CRYSTYL RANCH RD.,CONCORD,CA,94521,American Indian,Other
9.00001E+15,2 YEAR CD,JANICE,EVANS,114-42-2907,933 TERRACE LANE WEST,DIAMOND BAR,CA,91765,Asian,Other
9.00001E+15,MASTER CARD,TONIA,HOLLOWAY,913-56-8073,13701 MONTEGO DR,SEMINOLE,FL,33776,White,Male
9.00001E+15,5 YEAR CD,ARTURO,EDMONDSON,757-65-6449,10109 VELVET DUSK LN,LAS VEGAS,NV,89144,Native Hawaiian,Female
9.00001E+15,HIGH INTEREST CHECKING,VILMA,INGRAM,165-07-9876,4309 W ROSCOE ST,CHICAGO,IL,60641,Asian,Male
9.00001E+15,Access Account,SANDRA,KIDD,938-92-9098,13140 229TH ST,LAURELTON,NY,11413,Asian,Female
9.00001E+15,HIGH INTEREST CHECKING,JOSEPHINE,FANUCCHI,999-30-8638,2415 E 53RD ST,VERNON,CA,90058,American Indian,Female
9.00001E+15,CITICARD DTD SAVINGS,ALEXANDRA,MILES,788-74-9633,31 SE 5TH ST,MIAMI,FL,33131,Black or African American,Other
9.00001E+15,Brokerage IRA,JOHN,DASTAGIR,346-49-6642,5545 S MARSHFIELD AVE,CHICAGO,IL,60636,Native Hawaiian,Female
9.00001E+15,REGULAR CHECKING,JASON,HENDLEY,948-10-4833,3420 DAFFODIL CRES,VIRGINIA BEACH,VA,23453,Native Hawaiian,Male
9.00001E+15,Citibank(R) Savings Plus Account,FEUY,VALASTYAN,217-33-6542,14624 FRIAR ST,VAN NUYS,CA,91411,Black or African American,Female
9.00001E+15,HIGH INTEREST CHECKING,KEVIN,LOUGHRAN,403-34-5249,895 ST CHARLES DR,THOUSAND OAKS,CA,91360,Asian,Other
9.00001E+15,1 YEAR CD,KEVIN,AMADOR,289-99-3170,1444 SHAKESPEARE AVE,BRONX,NY,10452,Asian,Male
9.00001E+15,CitiGold Interest Checking,JOHN,OJEDA,620-16-6271,604 E LEMON AVE,MONROVIA,CA,91016,Black or African American,Male
9.00001E+15,Citibank(R) Money Market Plus,TYRIA,AYCOCK,876-59-9798,635 S 13TH ST,QUINCY,IL,62301,Native Hawaiian,Male
9.00001E+15,CitiBusiness Streamlined Checking,ZULMA,KINCAID,987-14-8735,1192 PARK AVENUE,NEW YORK,NY,10128,American Indian,Female
9.00001E+15,REGULAR CHECKING,FAYE,LAN,681-64-0021,7906 TURKEY CREEK RD,PLANT CITY,FL,33567,White,Other
9.00001E+15,HIGH INTEREST CHECKING,JAVIER,BROPHY,771-24-4179,3288 BLUE MOUNTAIN DR,SAN JOSE,CA,95127,Black or African American,Female
9.00001E+15,Ultimate Savings Account,JEAN,LOVELESS,809-22-5461,1234 1310 VALLEY LAKE DR,FULLERTON,CA,92831,Black or African American,Other
9.00001E+15,MASTER CARD,BRIANNE,SHOVER,634-77-1374,332 EAST 9TH STREET,NEW YORK,NY,10003,Asian,Other
9.00001E+15,CitiBusiness Streamlined Checking,DOROTHY,MIMS,325-98-5379,1100 IRVING AVE,ENDICOTT,NY,13760,American Indian,Male
9.00001E+15,IMMA B & P,MARC,LEDESMA,641-35-6589,9 WEST SIDE AVE,HAVERSTRAW,NY,10927,Native Hawaiian,Other
9.00001E+15,REGULAR CHECKING,ERIC,ZAMORA,565-59-7207,710 RIVERSIDE DR,NEW YORK,NY,10031,Asian,Other
9.00001E+15,REGULAR CHECKING,KIRK,CASEY,289-24-3152,2616 MONTE VISTA AVENUE,EL CERRITO,CA,94530,American Indian,Female
9.00001E+15,HIGH INTEREST CHECKING,ERICA,DRAGOO,772-35-8733,2185 BUNKER HILL DR,SAN MATEO,CA,94402,White,Male
9.00001E+15,NOW II CHECKING,KELLY,CHIN,183-36-3158,124 W BARTLETT RD,MIDDLE ISLAND,NY,11953,Black or African American,Female
9.00001E+15,REGULAR CHECKING,RUTH,JACKSONBYER,518-90-8087,609 W THOMAS ST,ROME,NY,13440,Asian,Female
9.00001E+15,Citibank(R) Savings Plus Account,JONATHAN,SCANLON,569-86-8404,23733 SPRING OAK PL,MURRIETA,CA,92562,White,Male
9.00001E+15,HIGH INTEREST CHECKING,BRAINERD,STRICKLAND,145-03-6281,13827 PALMER HOUSE WAY,SILVER SPRING,MD,20904,Asian,Female
9.00001E+15,CitiGold Interest Checking,WILLIAM,WALKER,774-55-7391,12427 PACIFIC AVE,LOS ANGELES,CA,90066,Black or African American,Female
9.00001E+15,REGULAR CHECKING,KELLIE,CREWS,087-54-8041,318 N MARIPOSA AVE,LOS ANGELES,CA,90004,Native Hawaiian,Male
9.00001E+15,CHECKING PLUS VARIABLE RATE,SUSAN,FREDRICKSON,808-22-9136,6634 SPECHT AVE,BELL GARDENS,CA,90201,White,Male
9.00001E+15,Citibank(R) Money Market Plus,EDWARD,WITTEN,058-24-4076,1225 GREAT OAKS WAY,DIXON,IL,61021,Native Hawaiian,Male
9.00001E+15,Citibank(R) Savings Plus Account,JOYCE A,PERKINS,697-96-0069,184 LINDEN ST,YONKERS,NY,10701,White,Female
9.00001E+15,HIGH INTEREST CHECKING,DAVID,MILLIAS,291-22-6316,870 EL CAMINO REAL,SUNNYVALE,CA,94087,Black or African American,Other
9.00001E+15,CITICARD DTD SAVINGS,ALBERT,PULLEN,320-82-4275,5301 SW 10TH CT,PLANTATION,FL,33317,Black or African American,Other
9.00001E+15,Access Account,LOUIS,HAINES,903-88-0874,708 PARK AVE,GALENA,IL,61036,Native Hawaiian,Other
9.00001E+15,BROKERAGE,KASEY,CHO,671-46-6873,566 7TH AVE,SAN BRUNO,CA,94066,White,Male
9.00001E+15,REGULAR CHECKING,TYRONE,DAWSON,143-52-9006,208 SUNRIDGE ST,PLAYA DEL REY,CA,90293,Black or African American,Other
9.00001E+15,MASTER CARD,SAM,MOOSA,234-47-5373,5442 SILVERSMYTHE LN,RIVERBANK,CA,95367,White,Male
9.00001E+15,CitiGold Interest Checking,JOO,KHOKHAR,467-90-7208,330 NORTH 6TH ST,REDLANDS,CA,92373,Native Hawaiian,Other
9.00001E+15,MASTER CARD,ASHLEY,GUIDRY,173-26-1066,5616 BROADWAY,BRONX,NY,10463,Asian,Male
9.00001E+15,HIGH INTEREST CHECKING,SALLY,LEWEY,782-40-3084,2616 COLLEGE AVE,BERKELEY,CA,94704,Asian,Female
9.00001E+15,REGULAR CHECKING,SHANDRA,REINART,991-48-5682,16930 BLACKHAWK ST,GRANADA HILLS,CA,91344,Asian,Other
9.00001E+15,Citibank(R) Savings Plus Account,SHAWNA,WHITFIELD,212-35-2385,1737 SUTTER ST,SAN FRANCISCO,CA,94115,Asian,Female
9.00001E+15,REGULAR CHECKING,JANICE,ARUTA,137-56-1366,727 N ALEXANDER ST,SAN FERNANDO,CA,91340,Black or African American,Male
9.00001E+15,REGULAR CHECKING,JESSICA,OHLSON,698-29-1102,3572 PALMER AVENUE,BRONX,NY,10466,Black or African American,Male
9.00001E+15,Business IRA(SEP),WAYNE,ILBERY,209-73-7714,6115 CORONA AVE,HUNTINGTON PARK,CA,90255,White,Female
9.00001E+15,EQUITY SOURCE-RESIDENTIAL,SYLVIA,BOUCHARD,973-89-8495,9889 LINDEN ST.,BELLFLOWER,CA,90706,American Indian,Male
9.00001E+15,CitiGold Interest Checking,WAYNE,ULM,946-76-0443,601 PEMBROKE AVE,NORFOLK,VA,23507,Native Hawaiian,Other
9.00001E+15,1 YEAR CD,JOHN,ESTEVES,790-04-3952,212 OTIS ST,HINGHAM,MA,20434,White,Male
9.00001E+15,VISA CARD,ARACELI,WEINER,972-83-2067,1379 WILSON RD,E MEADOW,NY,11554,American Indian,Other
9.00001E+15,CITICARD DTD SAVINGS,KAYLA,WOLD,641-32-5601,517 W 212TH ST,NEW YORK,NY,10034,Asian,Other
9.00001E+15,HIGH INTEREST CHECKING,ANTHONY,YOUSSIF,448-05-2573,9 WEST 57TH STREET,NEW YORK,NY,10019,Black or African American,Female
9.00001E+15,5 YEAR CD,LILLIE,KOILPARAMPIL,511-98-1010,1700 N 19TH AVE,MELROSE PARK,IL,60160,Asian,Male
9.00001E+15,CitiBusiness Streamlined Checking,LEANNE,COOPER,913-14-1444,340 W 11TH ST,SAN PEDRO,CA,90731,Native Hawaiian,Female
9.00001E+15,MASTER CARD,LORI,RYDEN,036-87-7283,696 SANDRA AVE,WEST ISLIP,NY,11795,White,Female
9.00001E+15,CitiBusiness Streamlined Checking,SCHRELL,MCSPADDEN,694-38-2783,301 W TREGALLAS RD,ANTIOCH,CA,94509,Native Hawaiian,Other
9.00001E+15,CHECKING PLUS VARIABLE RATE,FRANK,BANDONG,896-44-3759,353 EAST 83 STREET,NEW YORK,NY,10028,Black or African American,Male
9.00001E+15,REGULAR CHECKING,FRANK,BANDONG,358-25-8309,353 EAST 83 STREET,NEW YORK,NY,10028,Black or African American,Female
9.00001E+15,REGULAR CHECKING,MANOJ,PAPPASVARCO,036-07-9159,40 DAVENPORT ST,NEW BRITAIN,CT,60511,Black or African American,Female
9.00001E+15,CHECKING PLUS,BARBARA,OBODAI,129-79-2740,1712 HARBOR AVE,CALUMET CITY,IL,60409,White,Other
9.00001E+15,HIGH INTEREST CHECKING,ULYSSES,CLIMIE,908-17-2745,15023 S PRESERVE DR,LOCKPORT,IL,60441,American Indian,Female
9.00001E+15,PREFERRED IMRA,RODNEY,EIMERS,505-96-0009,2817 OSWEGO ST,NORTH BELLMORE,NY,11710,Black or African American,Male
9.00001E+15,REGULAR CHECKING,WAI KUEN,HYDE,986-78-3351,5610 LOBELLO DR,DALLAS,TX,75229,Black or African American,Male
9.00001E+15,REGULAR CHECKING,ARDJOUMA,PINEIRO,112-32-2452,1111 N FLORES ST,W HOLLYWOOD,CA,90069,American Indian,Male
9.00001E+15,Ultimate Savings Account,THOMAS,LIU,244-48-5924,4938 N LEONARD DR,NORRIDGE,IL,60706,American Indian,Female
9.00001E+15,VISA CARD,JANZEN,RAIMONDO,182-21-7840,11393 CORTE PLAYA DE CORTES,SAN DIEGO,CA,92124,American Indian,Female
9.00001E+15,REGULAR CHECKING,AZIZE,PEASE,590-31-3212,24 BEACON HILL DR,DOBBS FERRY,NY,10522,Native Hawaiian,Male
9.00001E+15,CHECKING PLUS VARIABLE RATE,WADE,KOZICKI,066-26-5786,401 61 STREET,BROOKLYN,NY,11220,Asian,Female
9.00001E+15,NOW II CHECKING,WADE,KOZICKI,275-35-1618,401 61 STREET,BROOKLYN,NY,11220,Native Hawaiian,Male
9.00001E+15,CHECKING B&P,JANEEN,LOBANOVA,272-77-6702,5022 DURHAM RD W,COLUMBIA,MD,21044,Black or African American,Male
9.00001E+15,REGULAR CHECKING,KYLE,SCHENK,690-22-3989,147-23 71ST RD,FLUSHING,NY,11367,American Indian,Male
9.00001E+15,Citibank(R) Savings Plus Account,MARIA,KHANG,088-95-5023,122 SIMONSON PL,STATEN ISLAND,NY,10302,Asian,Female
9.00001E+15,NOW II CHECKING,CARL,MADRIL,461-85-9509,1110 ROGERS AVE,BROOKLYN,NY,11226,Asian,Other
9.00001E+15,5 YEAR CD,JULIE,ALVERIO,928-70-0829,3225 LITTLEFIELD ST,DELTONA,FL,32738,Black or African American,Female
9.00001E+15,REGULAR CHECKING,CHARLES,TARAKCHYAN,830-16-7655,2 WOODFERN LN,HAUGHTON,LA,71037,Asian,Other
9.00001E+15,REGULAR CHECKING,JUDY,MAHER,239-30-5512,230 SHELDON AVE,DOWNERS GROVE,IL,60515,White,Male
9.00001E+15,REGULAR CHECKING,KEITH,GORDON,339-99-4445,310 AVENUE X,BROOKLYN,NY,11223,Black or African American,Other
9.00001E+15,INSTALLMENT LOAN,STEVEN,JONES,331-55-5028,736 W CLINTON ST,ELMIRA,NY,14905,Asian,Female
9.00001E+15,REGULAR CHECKING,TRESSA,PITKIN,757-76-4100,2291 W HORIZON RIDGE PKWY,HENDERSON,NV,89052,Black or African American,Male
9.00001E+15,PREFERRED IMRA,EUGENE,HADRICK,658-39-0940,3178 NOSTRAND AVENUE,BROOKLYN,NY,11229,Black or African American,Female
9.00001E+15,SEC MORTGAGE-NON-PURCHASE,CHAMIGA,GANGJI,305-26-4080,3137 SANDYRIDGE DRIVE,STEGER,IL,60475,Black or African American,Other
9.00001E+15,Business Flex Checking,ALEJOS,YU,587-23-9782,613 S BROADWAY,REDONDO BEACH,CA,90277,Native Hawaiian,Male
9.00001E+15,NOW II CHECKING,MARC,CARTER,752-21-8903,290 WEST END AVENUE,NEW YORK,NY,10023,Asian,Other
9.00001E+15,CitiBusiness Streamlined Checking,SEAN,KEARLEY,347-40-6437,89 CORAL LN,SUISUN CITY,CA,94585,White,Female
9.00001E+15,REGULAR CHECKING,ROLAND,MILNOVSKY,937-80-1172,1805 BAXSTON CT,BELLEVILLE,IL,62226,Native Hawaiian,Female
9.00001E+15,Citi Savings Account,SHARIKA,DRENNEN,960-10-7162,1570 SORRENTO DR,PACIFIC PALISADES,CA,90272,White,Female
9.00001E+15,REGULAR CHECKING,FLORIAN,CARMELINO,912-59-1436,1100 S MAIN ST,CHARLESTON,MO,63834,Black or African American,Other
9.00001E+15,13 MONTH CD,KATHY,MILLIGAN,097-32-8559,1338 VIA VERDE,SAN DIMAS,CA,91773,Black or African American,Male
9.00001E+15,Citibank(R) Savings Plus Account,RONNIE,SARKAR,828-02-9989,2000 S EADS ST,ARLINGTON,VA,22202,Black or African American,Other
9.00001E+15,CITICARD DTD SAVINGS,SUBASRI,HATFIELD,400-77-6818,158 SOUTH T ST.,MERCED,CA,95340,Asian,Male
9.00001E+15,1 YEAR CD,JUDITH,CALLEY,696-95-6676,48-66 187TH STREET,FLUSHING,NY,11365,Asian,Other
9.00001E+15,NOW II CHECKING,SOPHIE,GOLZER,156-55-1087,324 BEACH RD,STATEN ISLAND,NY,10312,Native Hawaiian,Female
9.00001E+15,CHECKING PLUS VARIABLE RATE,CAREY,MENDENHALL,013-42-0483,13882 OSPREY LINKS RD,ORLANDO,FL,32837,Black or African American,Other
9.00001E+15,Citibank(R) Savings Plus Account,JOANN,MORRISON,467-79-8296,100 COPPERFLAGG LN,STATEN ISLAND,NY,10304,White,Female
9.00001E+15,Ultimate Savings Account,CARLOS,HUCKER,180-66-0866,2957 LEVANTE ST,CARLSBAD,CA,92009,Asian,Female
9.00001E+15,REGULAR CHECKING,MAREK,HOLLIDAY,944-50-3309,3719 93RD ST,JACKSON HTS,NY,11372,Asian,Other
9.00001E+15,REGULAR CHECKING,ALEJANDRA,TUCKER,761-78-8222,442 INVERRARY LN,DEERFIELD,IL,60015,American Indian,Male
9.00001E+15,REGULAR CHECKING,JIAHAU,TEETS,562-24-1935,27 WINTHROP PL FL 2,STATEN  ISLAND,NY,10314,White,Male
9.00001E+15,CitiGold Interest Checking,ARNAUD,MERLOS,638-72-6054,9423 RESEDA BLVD,NORTHRIDGE,CA,91324,Black or African American,Female
9.00001E+15,CitiBusiness Streamlined Checking,JULIA,TEUTONICO,829-72-4499,8 LOCKSLEY AVE,SAN FRANCISCO,CA,94122,Black or African American,Other
9.00001E+15,CitiBusiness Streamlined Checking,SHAWN,CARLTON,060-13-7220,25 N 4TH ST,ALHAMBRA,CA,91801,Native Hawaiian,Female
9.00001E+15,REGULAR CHECKING,LISA,WILLIAMS,679-16-9688,5514 S. UNIVERSITY AVE,CHICAGO,IL,60637,Black or African American,Female
9.00001E+15,CitiGold Interest Checking,ANTOINETTE,BROWN,601-41-6472,190 TYRCONNELL AVE,MASSAPEQUA PARK,NY,11762,Black or African American,Other
9.00001E+15,MASTER CARD,ABBY,SHEEHAN,604-19-9272,248 CANMORE CT,SAN JOSE,CA,95136,Native Hawaiian,Female
9.00001E+15,CHECKING PLUS,RODOLFO,HYDER,225-32-7208,32 W MILTON ST,FREEPORT,NY,11520,Asian,Female
9.00001E+15,REGULAR CHECKING,ALESSANDRA,KLEJKA,312-48-6971,59 FLORENCE ST,STATEN ISLAND,NY,10308,American Indian,Female
9.00001E+15,REGULAR CHECKING,VIGEN,BEJARANO,150-07-7537,4445 FELTON ST,SAN DIEGO,CA,92116,American Indian,Male
9.00001E+15,BROKERAGE,RONALD,KILDOW,579-43-9592,48 FOREST GATE CIR,OAK BROOK,IL,60523,American Indian,Other
9.00001E+15,CitiBusiness Streamlined Checking,LAURA,LANIHUN,095-64-1069,22218 99TH AVE,QUEENS VILLAGE,NY,11429,White,Other
9.00001E+15,VISA CARD,STEPHANIE,GATELY,330-94-8783,1053 BARNES CIR,WOODLAND,CA,95776,White,Male
9.00001E+15,4 YEAR CD,ELENKA,KELLY,172-22-8715,702 S ELDORADO ST,SAN MATEO,CA,94402,Native Hawaiian,Female
9.00001E+15,Citibank(R) Savings Plus Account,ALBERT,LYNGUYEN,220-07-1005,2437 GREENVALLEY RD,LOS ANGELES,CA,90046,Native Hawaiian,Male
9.00001E+15,CitiGold Interest Checking,CHERYL,LEE,302-69-2059,54 PEMAQUID ST,INDIAN ORCHARD,MA,11511,Black or African American,Other
9.00001E+15,Citibank(R) Savings Plus Account,SHIRLEY,VONG,475-95-1549,2430 CATHAY WAY,SACRAMENTO,CA,95864,Asian,Male
9.00001E+15,MASTER CARD,WON,SPEARS,368-34-5622,10476 LORENZO PLACE,LOS ANGELES,CA,90064,Asian,Other
9.00001E+15,13 MONTH CD,SARAH,MANALASTAS,910-18-6380,537 ANITA LN,MILLBRAE,CA,94030,American Indian,Female
9.00001E+15,BROKERAGE,ALYCE,MELENDEZMIGUEL,433-95-9437,430 WARREN DRIVE,SAN FRANCISCO,CA,94131,Native Hawaiian,Other
9.00001E+15,CHECKING PLUS,JONATHAN,BONAROS,929-20-1584,435 PARK ST,BENSENVILLE,IL,60106,Native Hawaiian,Other
9.00001E+15,IRA,KENYOTA,VARNER,672-88-2199,760 BROADWAY,BRENTWOOD,NY,11717,White,Female
9.00001E+15,Citibank(R) Savings Plus Account,SCOTT,REYBURN,717-41-2188,322 E BRETT ST,INGLEWOOD,CA,90302,Native Hawaiian,Other
9.00001E+15,REGULAR CHECKING,KENNETH,PEREZ,737-12-5209,176 N CAROLINA AVE SE,WASHINGTON,DC,20003,Asian,Other
9.00001E+15,SEC MORTGAGE-NON-PURCHASE,ELIZABETH,SHIELDS,056-72-2480,2318 MEADOW DR N,WILMETTE,IL,60091,American Indian,Other
9.00001E+15,INSTALLMENT LOAN,VICKEY,HAYDEN,446-18-8665,85 CALVERT BLVD,TONAWANDA,NY,14150,Native Hawaiian,Male
9.00001E+15,Access Account,CAROLYN,VASQUEZ,540-24-9518,279 OAKLAND GROVE,ELMHURST,IL,60126,American Indian,Male
9.00001E+15,CitiBusiness Streamlined Checking,KIZZY,CIFFA,102-05-7164,1636 43RD STREET,BROOKLYN,NY,11204,American Indian,Female
9.00001E+15,Citibank(R) Savings Plus Account,TERRY,CHAVES,342-75-1457,126 DRIFTWOOD ST,MARINA DEL REY,CA,90292,Native Hawaiian,Female
9.00001E+15,CITICARD DTD SAVINGS,YULEE,MCNEW,744-54-8440,338 MADISON AVE,CEDARHURST,NY,11516,Asian,Male
9.00001E+15,Access Account,APRIL,DECAMILLO,436-26-1172,2335 COLD SPRINGS RD,PLACERVILLE,CA,95667,White,Male
9.00001E+15,CHECKING PLUS VARIABLE RATE,CALDWELL,TUURI,097-53-3659,7241 ERICA LN,NORTH TONAWANDA,NY,14120,Native Hawaiian,Other
9.00001E+15,MASTER CARD,RONALD,LOWRANCE,993-04-8998,6 W WHITE ST,BRENTWOOD,NY,11717,Native Hawaiian,Other
9.00001E+15,REGULAR CHECKING,JEHMLYN,OCAMPO,045-89-9909,1211 INVERNESS CIR,SHAWNEE,OK,74801,Native Hawaiian,Male
